{"cameraMode":{"drawMode":0,"name":"Shaded","section":"Shading Mode"},"sceneLighting":true,"audioPlay":false,"sceneViewState":{"m_AlwaysRefresh":false,"showFog":true,"showSkybox":true,"showFlares":true,"showImageEffects":true,"showParticleSystems":true,"showVisualEffectGraphs":true,"m_FxEnabled":true},"in2DMode":false,"pivot":{"x":23.656509399414064,"y":5.0531229972839359,"z":-10.512617111206055},"rotation":{"x":-0.16898345947265626,"y":0.000905115797650069,"z":-0.00011402001837268472,"w":-0.9855450987815857},"size":2.2443830966949465,"orthographic":false}