{"cameraMode":{"drawMode":0,"name":"Shaded","section":"Shading Mode"},"sceneLighting":true,"audioPlay":false,"sceneViewState":{"m_AlwaysRefresh":false,"showFog":true,"showSkybox":true,"showFlares":true,"showImageEffects":true,"showParticleSystems":true,"showVisualEffectGraphs":true,"m_FxEnabled":true},"in2DMode":false,"pivot":{"x":-83.63368225097656,"y":36.51191329956055,"z":-20.580480575561525},"rotation":{"x":-0.014983153901994229,"y":-0.9847045540809631,"z":0.10856100916862488,"w":-0.13544268906116486},"size":0.8660253882408142,"orthographic":false}