{"cameraMode":{"drawMode":0,"name":"Shaded","section":"Shading Mode"},"sceneLighting":true,"audioPlay":false,"sceneViewState":{"m_AlwaysRefresh":false,"showFog":true,"showSkybox":true,"showFlares":true,"showImageEffects":true,"showParticleSystems":true,"showVisualEffectGraphs":true,"m_FxEnabled":true},"in2DMode":false,"pivot":{"x":-65.22576141357422,"y":30.24521255493164,"z":-17.56633949279785},"rotation":{"x":-0.006590726785361767,"y":-0.9708923101425171,"z":0.23791228234767915,"w":-0.026707328855991365},"size":0.8660253882408142,"orthographic":false}