{"cameraMode":{"drawMode":0,"name":"Shaded","section":"Shading Mode"},"sceneLighting":true,"audioPlay":false,"sceneViewState":{"m_AlwaysRefresh":false,"showFog":true,"showSkybox":true,"showFlares":true,"showImageEffects":true,"showParticleSystems":true,"showVisualEffectGraphs":true,"m_FxEnabled":true},"in2DMode":false,"pivot":{"x":21.54257583618164,"y":10.120583534240723,"z":20.200681686401368},"rotation":{"x":0.2142266035079956,"y":-0.7060467600822449,"z":0.23971444368362428,"w":0.6309537291526794},"size":0.9455875754356384,"orthographic":false}