{"cameraMode":{"drawMode":0,"name":"Shaded","section":"Shading Mode"},"sceneLighting":true,"audioPlay":false,"sceneViewState":{"m_AlwaysRefresh":false,"showFog":true,"showSkybox":true,"showFlares":true,"showImageEffects":true,"showParticleSystems":true,"showVisualEffectGraphs":true,"m_FxEnabled":true},"in2DMode":false,"pivot":{"x":19.860477447509767,"y":14.48845386505127,"z":15.162674903869629},"rotation":{"x":-0.5357047915458679,"y":0.10427848994731903,"z":-0.06690647453069687,"w":-0.8352077007293701},"size":0.9455875754356384,"orthographic":false}