{"cameraMode":{"drawMode":0,"name":"Shaded","section":"Shading Mode"},"sceneLighting":true,"audioPlay":false,"sceneViewState":{"m_AlwaysRefresh":false,"showFog":true,"showSkybox":true,"showFlares":true,"showImageEffects":true,"showParticleSystems":true,"showVisualEffectGraphs":true,"m_FxEnabled":true},"in2DMode":false,"pivot":{"x":5.862180233001709,"y":0.9945713877677918,"z":-31.95002555847168},"rotation":{"x":0.30060186982154848,"y":-0.19667944312095643,"z":0.06349295377731323,"w":0.9310073256492615},"size":4.1673359870910648,"orthographic":false}