{"cameraMode":{"drawMode":0,"name":"Shaded","section":"Shading Mode"},"sceneLighting":true,"audioPlay":false,"sceneViewState":{"m_AlwaysRefresh":false,"showFog":true,"showSkybox":true,"showFlares":true,"showImageEffects":true,"showParticleSystems":true,"showVisualEffectGraphs":true,"m_FxEnabled":true},"in2DMode":false,"pivot":{"x":-92.5565414428711,"y":40.659156799316409,"z":-84.32588958740235},"rotation":{"x":0.0037601415533572437,"y":-0.9926403164863586,"z":0.031574707478284839,"w":0.1160060241818428},"size":40.00543212890625,"orthographic":false}