{"cameraMode":{"drawMode":0,"name":"Shaded","section":"Shading Mode"},"sceneLighting":true,"audioPlay":false,"sceneViewState":{"m_AlwaysRefresh":false,"showFog":true,"showSkybox":true,"showFlares":true,"showImageEffects":true,"showParticleSystems":true,"showVisualEffectGraphs":true,"m_FxEnabled":true},"in2DMode":false,"pivot":{"x":14.05866527557373,"y":3.7163074016571047,"z":13.911859512329102},"rotation":{"x":0.10651795566082001,"y":-0.03641900792717934,"z":0.003898395225405693,"w":0.9935362339019775},"size":11.925186157226563,"orthographic":false}